{
  "HTTP Request 100-120" : {
    "transaction" : "HTTP Request 100-120",
    "sampleCount" : 100,
    "errorCount" : 0,
    "errorPct" : 0.0,
    "meanResTime" : 388.34999999999997,
    "medianResTime" : 370.0,
    "minResTime" : 306.0,
    "maxResTime" : 635.0,
    "pct1ResTime" : 465.9,
    "pct2ResTime" : 510.4499999999999,
    "pct3ResTime" : 634.7099999999998,
    "throughput" : 0.8389824820457749,
    "receivedKBytesPerSec" : 0.29167750352372646,
    "sentKBytesPerSec" : 1.9370663509295927
  },
  "HTTP Request 100-30" : {
    "transaction" : "HTTP Request 100-30",
    "sampleCount" : 100,
    "errorCount" : 40,
    "errorPct" : 40.0,
    "meanResTime" : 239.62999999999994,
    "medianResTime" : 303.0,
    "minResTime" : 91.0,
    "maxResTime" : 453.0,
    "pct1ResTime" : 347.40000000000003,
    "pct2ResTime" : 367.4499999999999,
    "pct3ResTime" : 452.5899999999998,
    "throughput" : 3.355141754739138,
    "receivedKBytesPerSec" : 9.867393264552927,
    "sentKBytesPerSec" : 7.7393683945646705
  },
  "Total" : {
    "transaction" : "Total",
    "sampleCount" : 1100,
    "errorCount" : 699,
    "errorPct" : 63.545456,
    "meanResTime" : 338.8527272727277,
    "medianResTime" : 109.0,
    "minResTime" : 90.0,
    "maxResTime" : 2567.0,
    "pct1ResTime" : 489.4999999999999,
    "pct2ResTime" : 1821.95,
    "pct3ResTime" : 2313.99,
    "throughput" : 2.640073922069818,
    "receivedKBytesPerSec" : 11.794598217500091,
    "sentKBytesPerSec" : 6.091539313100768
  },
  "HTTP Request 100-1" : {
    "transaction" : "HTTP Request 100-1",
    "sampleCount" : 100,
    "errorCount" : 52,
    "errorPct" : 52.0,
    "meanResTime" : 1852.44,
    "medianResTime" : 1837.5,
    "minResTime" : 972.0,
    "maxResTime" : 2567.0,
    "pct1ResTime" : 2314.9,
    "pct2ResTime" : 2410.3999999999996,
    "pct3ResTime" : 2566.7599999999998,
    "throughput" : 32.4254215304799,
    "receivedKBytesPerSec" : 120.61750162127107,
    "sentKBytesPerSec" : 74.81532709143968
  },
  "HTTP Request 100-60" : {
    "transaction" : "HTTP Request 100-60",
    "sampleCount" : 100,
    "errorCount" : 40,
    "errorPct" : 40.0,
    "meanResTime" : 248.73999999999995,
    "medianResTime" : 301.0,
    "minResTime" : 100.0,
    "maxResTime" : 559.0,
    "pct1ResTime" : 415.9000000000001,
    "pct2ResTime" : 444.9,
    "pct3ResTime" : 558.0499999999995,
    "throughput" : 1.680644022789533,
    "receivedKBytesPerSec" : 4.942488492840456,
    "sentKBytesPerSec" : 3.8692889615300583
  },
  "HTTP Request 100-5" : {
    "transaction" : "HTTP Request 100-5",
    "sampleCount" : 100,
    "errorCount" : 87,
    "errorPct" : 87.0,
    "meanResTime" : 134.26000000000005,
    "medianResTime" : 103.0,
    "minResTime" : 93.0,
    "maxResTime" : 403.0,
    "pct1ResTime" : 326.30000000000007,
    "pct2ResTime" : 346.95,
    "pct3ResTime" : 402.67999999999984,
    "throughput" : 19.011406844106464,
    "receivedKBytesPerSec" : 113.83042716254754,
    "sentKBytesPerSec" : 43.9453125
  },
  "HTTP Request 500-150" : {
    "transaction" : "HTTP Request 500-150",
    "sampleCount" : 500,
    "errorCount" : 380,
    "errorPct" : 76.0,
    "meanResTime" : 152.3079999999999,
    "medianResTime" : 103.0,
    "minResTime" : 90.0,
    "maxResTime" : 632.0,
    "pct1ResTime" : 307.90000000000003,
    "pct2ResTime" : 317.95,
    "pct3ResTime" : 372.7900000000002,
    "throughput" : 3.3378951233352248,
    "receivedKBytesPerSec" : 17.60731854367636,
    "sentKBytesPerSec" : 7.7016192963717085
  },
  "HTTP Request 100-15" : {
    "transaction" : "HTTP Request 100-15",
    "sampleCount" : 100,
    "errorCount" : 100,
    "errorPct" : 100.0,
    "meanResTime" : 102.42000000000003,
    "medianResTime" : 101.0,
    "minResTime" : 90.0,
    "maxResTime" : 140.0,
    "pct1ResTime" : 110.0,
    "pct2ResTime" : 113.94999999999999,
    "pct3ResTime" : 139.90999999999997,
    "throughput" : 6.688068485821295,
    "receivedKBytesPerSec" : 45.686953459403426,
    "sentKBytesPerSec" : 15.432195525682182
  }
}